{"py/object": "rasa_core.featurizers.MaxHistoryTrackerFeaturizer", "max_history": 5, "remove_duplicates": true, "state_featurizer": {"py/object": "rasa_core.featurizers.BinarySingleStateFeaturizer", "input_state_map": {"entity_ADDRESS": 16, "entity_BRANCH": 18, "entity_CITY": 17, "entity_NAME": 19, "entity_property": 20, "intent_account": 0, "intent_account_personal": 1, "intent_account_retail": 2, "intent_affirm": 3, "intent_credit_card_info": 4, "intent_deny": 5, "intent_goodbye": 6, "intent_gratitude": 7, "intent_greet": 8, "intent_learn_location": 9, "intent_mortgage_first": 10, "intent_mortgage_next": 11, "intent_mortgage_renewal": 12, "intent_mortgage_start": 13, "intent_mortgage_switching": 14, "intent_order_credit_card": 15, "prev_action_deactivate_form": 28, "prev_action_default_ask_affirmation": 30, "prev_action_default_ask_rephrase": 31, "prev_action_default_fallback": 27, "prev_action_listen": 25, "prev_action_restart": 26, "prev_action_revert_fallback_events": 29, "prev_give_definitions_of_types_of_accounts": 36, "prev_utter_Buying_First_Home": 34, "prev_utter_Buying_Next_Home": 53, "prev_utter_Renewal_mortgage": 41, "prev_utter_Switching_to_RBC": 42, "prev_utter_affirmation": 33, "prev_utter_ask_about_mortgage": 45, "prev_utter_can_help": 49, "prev_utter_choose_type_of_account": 35, "prev_utter_denial": 47, "prev_utter_did_that_help": 44, "prev_utter_give_a_link": 46, "prev_utter_goodbye": 43, "prev_utter_greet": 32, "prev_utter_instruction_to_open_personal_deposit_account": 40, "prev_utter_instruction_to_open_retail_deposit_account": 37, "prev_utter_mortgage_info": 48, "prev_utter_open_personal_deposit_account": 52, "prev_utter_open_retail_deposit_account": 38, "prev_utter_show_form_to_order_card": 50, "prev_utter_types_of_cards": 51, "prev_utter_unclear": 39, "slot_ADDRESS_0": 21, "slot_BRANCH_0": 22, "slot_CITY_0": 23, "slot_NAME_0": 24}, "num_features": 54, "slot_feature_len": 4, "user_feature_len": 21}, "use_intent_probabilities": false}